day,SP500,XLK,XLP,GDP,CSen,10Y,2Y
2020-01-01,59.38,53.28,116.90,79.16,53.93,100.30,147.85
2020-01-02,118.58,117.55,57.66,131.26,137.47,115.89,75.23
2020-01-03,53.27,130.09,84.93,148.56,115.31,79.25,95.93
2020-01-06,143.30,143.01,58.72,80.09,76.96,138.02,118.48
2020-01-07,60.50,144.68,149.04,139.95,61.94,95.96,56.40
2020-01-08,129.33,110.48,139.17,143.73,120.41,98.11,104.09
2020-01-09,78.92,98.19,124.49,58.29,130.85,86.39,108.58
2020-01-10,105.55,122.38,83.29,54.73,83.85,123.59,137.81
2020-01-13,55.81,58.22,82.69,63.16,117.21,70.03,131.82
2020-01-14,61.01,116.19,69.09,142.12,101.27,53.40,148.82
2020-01-15,55.47,122.44,69.33,122.82,72.30,64.19,83.27
2020-01-16,122.62,65.92,92.98,110.46,94.42,97.68,78.79
2020-01-17,92.58,148.05,81.34,61.39,103.20,67.43,68.81
2020-01-20,146.34,114.21,86.03,72.14,82.39,118.72,71.06
2020-01-21,68.91,114.34,79.34,89.83,128.92,65.47,83.22
2020-01-22,126.40,148.78,99.09,112.74,72.95,116.75,131.34
2020-01-23,105.91,83.49,119.09,61.31,66.52,141.59,89.17
2020-01-24,114.25,93.72,122.70,142.87,70.48,108.73,94.03
2020-01-27,86.87,111.18,144.71,51.67,137.89,141.68,118.76
2020-01-28,54.45,143.67,84.74,99.67,130.78,100.08,76.23
2020-01-29,138.15,118.26,73.92,105.55,133.51,134.45,96.09
2020-01-30,101.29,117.45,114.26,142.51,144.82,73.41,61.12
2020-01-31,98.39,80.20,120.39,101.47,63.45,142.38,50.96
2020-02-03,112.07,93.53,116.28,89.30,50.46,133.06,117.67
2020-02-04,78.93,144.92,105.15,95.52,130.16,59.65,53.28
2020-02-05,115.56,70.70,106.91,57.29,58.43,121.22,127.31
2020-02-06,137.21,92.21,94.23,138.51,81.38,65.59,65.09
2020-02-07,139.29,145.09,127.22,138.76,62.74,100.67,68.79
2020-02-10,132.47,122.71,75.21,54.15,50.81,54.04,110.22
2020-02-11,67.60,145.66,118.53,60.20,74.22,74.09,105.95
2020-02-12,131.16,114.81,148.69,102.20,58.53,66.72,110.91
2020-02-13,71.87,72.59,69.58,113.65,143.36,83.00,83.48
2020-02-14,65.18,139.70,62.45,81.49,73.06,85.96,78.54
2020-02-17,141.71,108.13,127.33,123.84,123.09,76.51,138.34
2020-02-18,96.34,88.85,99.75,56.09,85.67,147.28,51.08
2020-02-19,107.15,100.33,65.68,118.67,143.13,140.19,126.29
2020-02-20,66.59,54.62,121.92,65.11,78.02,93.92,130.98
2020-02-21,145.72,117.87,66.26,140.53,92.80,94.81,115.20
2020-02-24,142.70,127.77,57.34,61.65,120.93,64.33,145.22
2020-02-25,75.68,104.72,98.53,107.26,86.43,54.85,51.59
2020-02-26,101.22,79.77,91.00,96.63,118.05,107.55,96.62
2020-02-27,101.73,104.98,52.89,144.61,58.83,132.59,95.13
2020-02-28,122.85,129.28,129.35,72.30,72.63,73.06,83.91
2020-03-02,74.88,99.72,117.14,91.40,143.21,148.46,122.00
2020-03-03,57.56,93.66,149.06,104.64,128.74,62.15,130.78
2020-03-04,71.22,126.76,115.88,85.09,79.06,119.74,102.68
2020-03-05,113.80,81.20,136.07,59.29,58.25,75.56,134.92
2020-03-06,117.33,76.78,80.22,132.38,108.04,56.30,60.76
2020-03-09,115.44,67.33,68.76,72.91,54.62,127.03,89.83
2020-03-10,123.25,85.52,59.70,75.40,116.27,64.06,52.24
2020-03-11,86.67,115.70,75.82,114.18,122.76,52.05,64.11
2020-03-12,114.24,131.50,119.48,102.22,90.98,117.93,93.56
2020-03-13,149.63,145.94,102.97,98.16,94.35,116.00,100.92
2020-03-16,71.78,87.19,85.14,147.85,79.58,53.97,53.17
2020-03-17,91.76,67.34,110.89,149.75,148.58,140.91,85.64
2020-03-18,82.83,114.70,89.63,92.94,65.90,149.80,129.36
2020-03-19,117.55,145.94,109.39,126.12,79.13,81.20,52.02
2020-03-20,114.29,130.76,98.93,138.08,137.85,101.71,90.09
2020-03-23,56.85,102.84,83.01,95.36,89.30,106.60,69.33
2020-03-24,59.83,59.96,62.51,101.46,122.65,66.75,102.50
2020-03-25,58.58,98.87,149.69,80.26,91.84,60.39,103.28
2020-03-26,89.16,53.00,91.24,70.26,60.92,103.21,143.08
2020-03-27,95.70,136.06,74.56,108.84,64.41,98.21,127.10
2020-03-30,50.39,91.33,125.20,132.16,116.00,78.01,101.98
2020-03-31,131.54,104.04,65.27,130.02,77.89,56.71,61.68
2020-04-01,78.26,98.17,131.64,58.30,122.90,59.33,67.47
2020-04-02,87.06,106.51,123.25,86.38,71.21,58.47,72.45
2020-04-03,93.72,146.13,110.72,83.90,93.09,108.21,101.64
2020-04-06,144.06,143.90,60.62,80.29,56.74,123.20,76.31
2020-04-07,149.99,66.32,136.23,56.37,138.39,125.92,54.16
2020-04-08,54.60,138.21,74.86,124.75,122.26,148.80,77.85
2020-04-09,120.20,61.67,92.92,95.38,129.28,143.46,140.80
2020-04-10,79.03,75.27,76.28,134.21,133.48,65.10,60.04
2020-04-13,54.05,76.64,65.14,103.65,147.77,145.58,134.69
2020-04-14,134.05,96.25,92.28,66.07,125.68,66.43,119.81
2020-04-15,66.98,78.49,86.30,137.31,147.59,137.79,57.65
2020-04-16,91.07,55.56,127.90,141.78,133.78,79.91,58.75
2020-04-17,55.62,108.90,103.72,134.80,104.08,135.21,144.30
2020-04-20,93.77,81.74,57.98,129.17,93.16,113.81,85.76
2020-04-21,138.26,118.99,121.76,113.47,106.64,105.65,109.99
2020-04-22,108.31,106.25,131.01,122.29,110.00,85.03,137.03
2020-04-23,97.67,108.92,111.50,50.53,80.93,105.35,58.60
2020-04-24,141.50,90.75,88.35,146.91,85.77,79.53,131.90
2020-04-27,90.34,97.77,111.12,101.97,76.30,126.90,50.56
2020-04-28,114.80,103.15,94.18,135.40,68.93,65.07,70.76
2020-04-29,110.02,124.32,101.68,129.18,99.80,140.60,67.85
2020-04-30,67.82,96.68,79.66,92.17,57.70,117.40,149.00
2020-05-01,126.10,67.49,76.65,83.93,122.94,52.89,62.95
2020-05-04,100.76,134.63,81.69,148.78,75.28,66.07,71.64
2020-05-05,52.12,142.90,118.81,105.38,138.27,72.12,50.70
2020-05-06,61.22,58.46,116.69,135.14,148.26,122.69,138.68
2020-05-07,103.84,81.27,106.13,142.89,79.81,70.29,66.83
2020-05-08,140.75,50.51,125.83,64.85,114.13,100.77,122.53
2020-05-11,134.97,62.03,104.11,129.88,83.39,51.13,148.03
2020-05-12,101.77,82.73,98.35,71.18,104.52,117.06,140.38
2020-05-13,119.91,78.58,147.31,89.76,57.90,123.09,107.74
2020-05-14,114.95,68.52,70.75,118.64,57.64,129.98,96.92
2020-05-15,61.49,83.66,57.38,86.97,64.69,146.19,83.19
2020-05-18,106.47,50.01,73.56,101.70,90.82,84.26,140.68
2020-05-19,136.23,130.12,58.23,84.33,140.74,81.24,137.48
2020-05-20,56.81,121.95,63.52,84.58,100.10,72.18,57.75
2020-05-21,81.42,55.34,126.32,80.99,149.54,59.99,76.16
2020-05-22,108.52,70.62,65.67,143.10,93.33,125.47,116.70
2020-05-25,142.94,96.04,131.20,119.33,61.44,56.24,148.89
2020-05-26,127.81,99.26,143.13,107.31,77.70,63.55,96.26
2020-05-27,142.64,128.87,112.91,73.68,122.41,111.10,51.24
2020-05-28,72.95,134.88,80.82,77.00,139.43,68.21,74.48
2020-05-29,55.08,100.30,128.06,104.94,118.46,66.03,125.21
2020-06-01,103.31,132.36,96.11,134.08,115.31,101.79,72.53
2020-06-02,52.79,77.02,79.51,135.90,144.47,64.70,79.50
2020-06-03,143.83,81.97,107.66,77.61,119.14,116.55,117.66
2020-06-04,125.54,130.26,99.12,130.87,149.31,125.22,112.00
2020-06-05,61.38,72.43,128.88,89.57,68.88,99.97,88.72
2020-06-08,138.49,113.00,120.11,76.89,116.12,83.87,106.62
2020-06-09,109.44,140.76,102.06,97.63,57.72,138.89,128.44
2020-06-10,76.05,97.68,93.77,98.27,101.81,136.09,62.61
2020-06-11,106.29,71.52,67.98,67.36,104.05,51.77,56.66
2020-06-12,85.34,76.66,80.53,129.21,137.78,53.65,94.16
2020-06-15,94.24,115.96,95.54,108.25,50.45,115.56,99.57
2020-06-16,76.08,63.64,97.50,56.22,128.93,120.23,74.53
2020-06-17,124.80,93.49,67.13,65.57,63.60,98.05,85.85
2020-06-18,95.85,83.32,94.64,57.68,107.26,142.44,109.35
2020-06-19,66.38,86.87,57.65,93.40,76.18,50.57,75.26
2020-06-22,117.56,93.36,80.46,143.49,99.60,56.01,92.32
2020-06-23,67.16,80.27,134.40,128.71,65.16,50.36,126.85
2020-06-24,111.09,86.21,85.53,111.43,147.76,111.88,83.52
2020-06-25,83.35,141.43,116.46,121.37,64.87,130.83,140.76
2020-06-26,125.81,105.06,54.89,100.50,141.68,103.62,71.55
2020-06-29,85.01,66.63,77.06,128.57,56.91,129.34,131.66
2020-06-30,53.47,111.02,136.93,72.67,142.90,132.57,51.12
2020-07-01,144.51,126.20,105.28,74.13,109.93,101.85,123.32
2020-07-02,76.64,57.59,91.38,140.07,77.56,131.17,108.90
2020-07-03,146.27,54.56,133.11,53.65,115.96,129.21,64.19
2020-07-06,51.67,68.93,58.01,133.57,55.72,131.86,132.73
2020-07-07,74.65,142.71,103.96,67.07,59.40,100.57,129.79
2020-07-08,92.81,51.79,110.03,78.65,146.22,94.29,113.52
2020-07-09,149.01,134.91,53.36,147.31,78.41,120.87,98.02
2020-07-10,58.01,66.98,114.33,116.97,127.00,130.71,139.19
2020-07-13,68.33,113.84,149.05,116.98,145.82,122.84,89.36
2020-07-14,136.42,134.07,121.53,104.93,93.53,98.50,102.85
2020-07-15,103.01,126.97,91.37,111.07,111.00,89.40,90.74
2020-07-16,115.11,95.25,72.85,88.59,147.35,60.44,62.98
2020-07-17,138.00,90.92,79.53,129.13,132.57,125.35,143.68
2020-07-20,101.66,129.32,104.72,60.44,134.28,81.56,144.41
2020-07-21,88.43,144.38,124.06,79.58,141.48,145.88,113.05
2020-07-22,146.22,91.98,142.63,83.95,72.12,122.90,91.51
2020-07-23,134.29,94.65,70.92,94.38,70.56,130.24,87.19
2020-07-24,120.50,59.99,56.99,71.95,78.89,58.37,94.51
2020-07-27,113.80,70.05,122.22,142.92,50.41,94.99,71.32
2020-07-28,140.31,149.47,109.81,131.86,98.01,115.65,110.43
2020-07-29,66.36,118.81,107.66,121.85,54.70,61.80,58.68
2020-07-30,75.33,80.11,91.01,141.01,98.51,142.82,99.84
2020-07-31,111.69,90.44,77.28,51.06,74.27,73.11,131.74
2020-08-03,54.18,59.09,121.58,74.20,104.10,138.26,119.66
2020-08-04,104.57,115.28,58.64,74.34,58.32,136.05,69.68
2020-08-05,56.36,117.15,84.35,110.02,80.06,147.83,75.94
2020-08-06,76.49,114.85,111.90,147.64,68.54,144.36,120.58
2020-08-07,51.64,71.20,53.75,100.30,131.96,67.76,105.96
2020-08-10,115.90,92.63,115.90,130.82,54.58,143.28,123.86
2020-08-11,97.04,92.56,103.41,81.84,58.92,104.78,65.17
2020-08-12,122.74,62.82,55.52,89.70,92.58,114.06,135.98
2020-08-13,134.60,148.37,99.32,54.17,123.50,139.31,70.61
2020-08-14,119.68,141.62,134.37,111.10,138.32,65.00,59.03
2020-08-17,139.97,55.01,81.43,95.69,61.94,88.10,127.34
2020-08-18,119.86,92.73,122.46,129.51,105.20,133.74,61.23
2020-08-19,113.90,112.32,105.26,135.57,120.67,88.53,90.50
2020-08-20,68.84,63.17,83.35,121.63,141.49,119.60,119.77
2020-08-21,100.78,70.91,148.90,55.70,70.63,70.75,73.06
2020-08-24,148.11,75.44,79.50,61.38,136.35,123.13,127.74
2020-08-25,94.48,77.03,111.46,121.37,65.33,118.78,94.21
2020-08-26,107.49,148.55,113.31,123.27,90.54,122.31,60.04
2020-08-27,102.00,62.30,148.65,143.91,148.34,65.19,57.57
2020-08-28,54.67,71.45,129.92,95.46,65.53,83.15,107.38
2020-08-31,90.32,98.91,123.61,89.64,89.68,107.44,73.80
2020-09-01,121.53,94.69,141.88,96.77,82.72,120.80,141.53
2020-09-02,137.77,69.04,101.34,71.75,118.42,119.44,112.49
2020-09-03,62.81,132.52,129.93,52.21,87.84,62.65,134.30
2020-09-04,90.10,80.10,89.03,103.54,124.59,77.99,65.09
2020-09-07,103.82,54.33,70.63,109.74,141.37,108.06,93.01
2020-09-08,57.28,67.84,60.19,132.82,122.68,90.19,88.42
2020-09-09,147.13,118.60,98.15,56.92,139.13,63.01,128.19
2020-09-10,73.84,52.41,105.00,114.21,144.65,101.83,108.00
2020-09-11,118.25,52.03,107.86,141.53,139.13,138.34,109.20
2020-09-14,139.58,138.12,77.73,140.28,56.32,64.90,76.66
2020-09-15,68.21,71.35,108.81,94.28,141.29,99.87,122.99
2020-09-16,53.05,140.35,140.44,70.97,90.40,81.92,101.90
2020-09-17,79.88,66.54,94.16,146.09,78.72,65.20,138.99
2020-09-18,91.74,136.08,96.47,97.62,84.85,114.66,94.09
2020-09-21,119.44,132.00,139.07,65.82,144.46,137.38,112.60
2020-09-22,64.39,98.86,149.26,94.74,75.25,59.98,57.14
2020-09-23,141.88,51.43,96.78,114.15,147.69,79.55,135.30
2020-09-24,125.62,120.63,143.71,59.11,82.11,117.78,127.58
2020-09-25,124.58,86.17,62.39,59.22,63.42,79.51,131.39
2020-09-28,103.18,96.42,56.65,130.18,133.83,63.39,113.77
2020-09-29,68.81,132.68,124.40,59.92,131.52,138.24,133.67
2020-09-30,53.74,66.66,74.66,79.90,91.18,147.33,115.11
2020-10-01,106.88,122.48,123.33,119.78,107.80,52.44,137.91
2020-10-02,89.41,82.16,139.89,87.31,110.64,130.67,73.13
2020-10-05,94.15,143.70,86.51,138.86,100.99,86.47,121.04
2020-10-06,97.98,123.44,101.48,134.10,97.64,95.43,102.83
2020-10-07,58.82,54.17,96.08,92.10,124.75,68.40,59.77
2020-10-08,60.97,83.02,53.84,128.79,113.97,116.63,58.80
2020-10-09,121.87,77.93,96.22,89.04,118.35,101.92,147.31
2020-10-12,89.89,115.38,97.53,111.47,102.31,69.82,50.07
2020-10-13,145.23,99.79,59.15,144.62,139.84,146.09,135.84
2020-10-14,144.55,65.35,54.38,108.06,74.46,129.41,145.68
2020-10-15,95.78,53.61,86.83,92.94,130.40,54.58,117.31
2020-10-16,139.13,137.03,136.46,65.81,147.88,102.45,63.73
2020-10-19,101.59,84.39,56.26,123.93,144.31,99.54,139.81
2020-10-20,62.51,95.75,147.37,123.36,118.41,149.91,56.79
2020-10-21,116.66,110.27,85.65,132.69,144.51,65.02,139.66
2020-10-22,58.85,78.12,81.45,69.63,92.56,113.34,81.46
2020-10-23,88.79,91.98,135.49,106.95,133.02,120.30,94.36
2020-10-26,129.36,79.25,137.23,141.26,107.46,97.18,109.78
2020-10-27,117.40,100.52,67.94,129.77,84.64,71.41,53.66
2020-10-28,127.83,61.73,56.00,148.45,76.47,82.56,100.08
2020-10-29,73.92,105.79,114.52,59.54,106.33,121.02,85.30
2020-10-30,115.74,133.09,60.48,56.10,51.62,91.18,116.99
2020-11-02,117.52,139.13,91.91,107.01,60.40,103.32,77.31
2020-11-03,57.82,129.29,99.92,82.16,90.03,84.32,104.65
2020-11-04,86.79,133.74,148.22,66.95,72.27,64.61,120.31
2020-11-05,126.74,70.02,79.70,121.48,132.25,54.85,108.71
2020-11-06,136.44,111.42,86.62,76.04,86.61,86.41,116.98
2020-11-09,108.39,83.18,76.31,119.53,51.84,52.99,63.97
2020-11-10,83.75,149.18,136.33,115.08,112.29,135.46,123.55
2020-11-11,122.53,124.57,69.07,119.85,78.28,75.66,78.02
2020-11-12,132.99,102.56,124.20,83.34,127.70,87.26,74.75
2020-11-13,64.99,131.09,89.87,74.33,97.75,135.90,63.77
2020-11-16,63.68,122.28,133.47,107.84,129.93,141.16,117.17
2020-11-17,112.23,76.98,93.72,65.98,55.68,117.12,124.51
2020-11-18,124.18,74.33,111.51,81.99,76.23,130.81,60.89
2020-11-19,87.63,137.32,87.90,58.92,97.86,124.89,108.06
2020-11-20,82.26,61.57,83.93,113.39,121.63,73.88,113.33
2020-11-23,124.15,61.99,116.30,80.00,135.36,96.51,115.98
2020-11-24,139.97,108.55,83.68,138.57,145.57,112.87,94.87
2020-11-25,145.76,110.03,123.98,82.37,140.97,75.68,116.02
2020-11-26,137.97,142.85,149.23,98.84,134.06,120.15,78.92
2020-11-27,146.31,93.99,89.96,75.95,109.02,53.73,51.40
2020-11-30,70.29,73.35,129.13,65.21,125.69,119.10,98.34
2020-12-01,61.56,55.30,84.57,137.96,142.19,99.50,117.09
2020-12-02,102.28,88.93,63.82,102.88,77.40,112.77,137.37
2020-12-03,114.12,95.53,85.31,117.64,149.66,131.24,55.30
2020-12-04,137.26,95.93,72.67,81.97,84.50,59.41,103.21
2020-12-07,92.38,137.21,134.11,101.36,95.74,63.79,50.52
2020-12-08,103.70,146.63,128.49,102.97,71.18,137.46,92.51
2020-12-09,81.53,134.24,107.64,60.01,141.31,116.83,148.89
2020-12-10,112.08,142.50,99.71,117.16,60.23,117.53,50.89
2020-12-11,112.42,80.52,98.33,74.82,50.82,61.51,116.30
2020-12-14,74.19,91.39,137.46,119.51,58.28,116.22,80.07
2020-12-15,82.32,93.91,64.56,54.36,135.89,97.96,142.99
2020-12-16,99.07,63.58,145.53,121.26,62.29,79.64,86.44
2020-12-17,131.81,125.10,138.67,63.21,135.52,101.39,134.20
2020-12-18,132.02,127.05,134.33,130.78,134.72,84.40,68.76
2020-12-21,145.51,79.93,119.99,51.89,102.14,54.62,104.04
2020-12-22,131.25,62.78,70.32,100.40,115.52,94.81,79.04
2020-12-23,127.03,134.62,61.87,134.12,97.54,138.48,60.06
2020-12-24,106.64,105.41,89.48,116.95,111.34,137.14,60.58
2020-12-25,64.72,78.75,98.07,131.23,133.22,128.29,116.09
2020-12-28,89.42,77.90,123.87,52.39,141.99,73.37,79.90
2020-12-29,83.12,121.33,112.87,107.87,52.49,124.75,79.17
2020-12-30,138.28,104.39,68.36,147.74,115.02,116.75,75.43
2020-12-31,117.23,58.99,56.69,88.60,106.65,76.84,69.23
2021-01-01,50.51,124.06,143.01,121.07,99.44,123.13,121.48
2021-01-04,140.56,114.49,129.16,71.53,89.39,132.89,147.57
2021-01-05,78.48,73.99,147.39,117.77,120.76,144.47,143.47
2021-01-06,107.38,109.89,108.30,73.55,69.17,106.26,83.83
2021-01-07,66.93,64.26,121.80,117.81,136.74,59.68,70.30
2021-01-08,122.62,116.72,120.45,106.41,115.18,141.11,118.61
2021-01-11,59.65,127.56,51.87,115.86,108.32,61.55,71.86
2021-01-12,52.74,76.02,68.94,58.79,77.14,51.03,128.30
2021-01-13,55.69,76.45,51.33,110.10,139.07,112.49,137.26
2021-01-14,85.89,54.04,123.19,127.74,110.56,121.15,56.70
2021-01-15,89.96,118.30,65.61,113.61,66.66,109.86,85.34
2021-01-18,58.81,111.70,128.61,100.94,96.49,98.93,103.94
2021-01-19,53.50,147.08,56.11,77.03,103.77,60.33,145.02
2021-01-20,75.88,71.53,79.54,54.07,65.86,130.82,83.99
2021-01-21,92.77,101.97,144.11,141.65,103.03,142.84,97.19
2021-01-22,62.51,63.74,128.91,53.61,135.14,131.20,98.14
2021-01-25,101.65,139.11,87.38,139.69,118.97,131.22,71.79
2021-01-26,126.99,75.49,106.09,146.31,95.66,147.28,120.70
2021-01-27,79.75,122.99,106.66,94.46,62.14,72.02,91.40
2021-01-28,121.26,132.48,120.19,113.77,115.00,140.19,137.29
2021-01-29,82.59,138.21,56.86,116.62,120.17,131.37,91.53
2021-02-01,128.69,120.22,144.27,89.48,123.81,90.08,122.58
2021-02-02,138.53,142.91,145.45,146.09,84.47,125.70,109.12
2021-02-03,90.79,62.60,131.44,113.68,88.90,64.82,146.02
2021-02-04,119.87,145.48,125.56,98.43,144.63,76.45,66.92
2021-02-05,110.37,122.53,76.63,64.87,130.20,96.44,140.73
2021-02-08,53.15,135.96,62.61,136.37,92.00,106.17,142.78
2021-02-09,125.47,145.64,70.45,116.78,101.22,139.70,139.26
2021-02-10,133.93,137.63,52.37,84.21,75.69,119.27,122.18
2021-02-11,58.44,60.70,92.28,93.41,121.88,87.21,69.40
2021-02-12,53.80,106.51,138.85,149.60,50.30,70.84,144.38
2021-02-15,51.71,129.46,101.22,98.92,74.53,136.92,88.31
2021-02-16,124.90,111.25,52.12,120.39,128.08,52.88,75.85
2021-02-17,67.63,93.47,79.45,82.14,137.31,124.34,81.27
2021-02-18,57.90,99.32,86.27,73.29,80.22,102.46,143.43
2021-02-19,67.52,76.44,113.19,66.07,108.27,147.29,113.34
2021-02-22,64.36,84.17,129.54,102.08,91.23,105.51,134.10
2021-02-23,149.09,144.14,91.51,100.77,80.64,117.94,137.95
2021-02-24,141.87,123.76,93.60,126.61,149.59,141.80,101.68
2021-02-25,94.18,91.11,144.30,98.32,61.61,136.44,122.02
2021-02-26,58.89,61.14,141.35,97.51,146.87,147.45,105.76
2021-03-01,108.43,97.45,96.05,62.71,61.57,88.97,102.83
2021-03-02,111.25,94.51,145.79,56.99,132.40,120.62,105.74
2021-03-03,75.49,111.96,51.46,130.02,109.28,140.44,94.51
2021-03-04,101.43,126.60,90.84,56.96,50.74,79.39,65.90
2021-03-05,116.10,97.24,70.95,65.65,108.45,50.86,64.77
2021-03-08,106.67,63.62,76.98,94.12,87.39,84.89,80.90
2021-03-09,70.38,117.04,70.73,148.41,53.72,104.97,79.55
2021-03-10,127.19,78.25,85.40,75.24,88.26,106.07,64.61
2021-03-11,92.77,105.50,73.52,105.54,71.22,148.43,123.71
2021-03-12,52.19,77.80,99.75,91.34,101.18,108.17,144.67
2021-03-15,99.31,81.85,85.05,69.46,109.53,144.26,106.56
2021-03-16,65.54,70.78,129.29,65.63,50.85,112.20,143.28
2021-03-17,134.52,149.47,65.47,127.34,127.09,105.15,69.79
2021-03-18,52.73,125.84,96.78,113.71,81.59,88.34,120.03
2021-03-19,111.58,50.09,143.06,111.82,71.39,116.05,50.41
2021-03-22,76.72,69.81,134.76,62.17,84.27,98.94,123.83
2021-03-23,62.72,147.49,78.28,145.92,84.53,113.77,108.97
2021-03-24,87.61,61.27,98.45,56.60,117.62,94.27,113.98
2021-03-25,59.72,57.77,66.14,55.73,64.71,149.51,137.82
2021-03-26,130.01,118.02,138.74,68.27,130.33,120.27,149.23
2021-03-29,58.57,78.22,94.16,80.57,50.95,135.01,81.41
2021-03-30,60.29,95.83,67.82,99.09,69.67,112.29,124.48
2021-03-31,114.27,61.41,113.79,83.49,77.62,109.20,98.37
2021-04-01,53.81,118.12,146.80,71.83,113.56,59.66,115.39
2021-04-02,109.82,125.08,83.62,62.51,74.06,126.33,59.89
2021-04-05,97.40,82.25,91.89,58.51,74.80,126.69,93.23
2021-04-06,97.02,93.27,129.17,105.15,118.21,133.53,122.35
2021-04-07,93.85,119.90,98.55,132.75,126.78,69.77,91.71
2021-04-08,141.29,70.85,118.35,101.65,144.99,70.28,87.75
2021-04-09,145.16,144.94,99.58,98.60,89.54,63.20,131.26
2021-04-12,84.55,73.13,101.45,77.32,138.49,61.87,118.21
2021-04-13,79.18,149.73,57.65,118.45,91.66,139.39,83.21
2021-04-14,147.07,142.86,66.23,131.44,136.67,78.29,84.36
2021-04-15,136.00,77.23,124.98,77.45,95.62,132.84,67.89
2021-04-16,97.30,81.00,84.37,132.98,88.29,127.38,84.12
2021-04-19,66.16,87.51,131.16,55.72,53.43,141.20,86.74
2021-04-20,136.06,97.66,54.22,66.80,140.54,74.38,140.81
2021-04-21,113.82,119.99,100.15,71.91,111.62,147.13,73.52
2021-04-22,85.47,74.09,100.70,85.09,82.29,123.75,108.37
2021-04-23,65.35,92.64,54.50,138.83,76.00,148.38,107.55
2021-04-26,148.25,69.76,97.82,86.06,90.12,89.44,104.40
2021-04-27,74.38,61.13,104.67,145.71,126.13,93.00,113.06
2021-04-28,118.80,58.20,56.66,82.08,51.02,117.32,97.90
2021-04-29,136.41,89.44,142.63,67.64,108.84,144.13,146.98
2021-04-30,140.42,55.11,147.85,58.23,119.98,79.59,61.21
2021-05-03,65.43,132.17,58.78,93.41,84.78,109.00,124.59
2021-05-04,84.20,73.23,128.11,52.61,71.80,144.36,148.75
2021-05-05,114.75,101.35,63.19,64.67,92.53,90.72,93.13
2021-05-06,58.26,51.61,109.18,72.06,70.48,135.15,103.42
2021-05-07,71.52,146.82,109.26,87.56,143.67,90.57,104.01
2021-05-10,140.48,107.72,101.35,75.64,91.84,90.76,81.69
2021-05-11,68.53,108.73,139.26,140.05,78.77,71.24,129.59
2021-05-12,113.85,123.72,106.52,112.10,81.71,74.57,85.93
2021-05-13,113.08,88.48,92.53,128.72,50.16,130.37,71.42
2021-05-14,123.06,135.58,112.73,89.87,115.16,126.57,97.35
2021-05-17,148.75,118.67,77.74,136.53,67.16,77.93,87.96
2021-05-18,127.65,117.87,117.43,81.81,120.69,63.56,56.63
2021-05-19,52.86,80.73,142.83,87.58,76.07,113.37,90.15
2021-05-20,75.98,132.44,78.67,66.80,118.21,148.04,84.62
2021-05-21,140.61,117.80,92.70,70.14,82.98,131.81,140.98
2021-05-24,100.00,101.22,115.36,73.06,135.92,88.04,111.37
2021-05-25,95.90,76.45,71.52,80.38,103.89,89.44,94.08
2021-05-26,63.05,137.58,75.25,95.49,50.40,72.82,88.96
2021-05-27,66.34,127.74,106.17,130.42,131.81,145.68,56.15
2021-05-28,57.77,148.47,103.32,89.20,117.59,111.53,111.95
2021-05-31,121.89,67.35,80.04,107.78,91.61,120.13,111.47
2021-06-01,88.04,148.68,139.85,96.54,50.04,127.93,148.64
2021-06-02,66.97,109.07,77.85,103.32,147.77,50.90,106.07
2021-06-03,54.43,95.80,96.59,133.84,109.99,92.02,51.39
2021-06-04,140.52,112.07,119.14,128.48,80.46,79.97,69.00
2021-06-07,89.43,51.41,76.90,107.41,65.66,109.78,72.12
2021-06-08,131.09,62.08,143.48,115.05,142.58,143.75,109.35
2021-06-09,128.16,143.15,115.35,108.91,70.15,89.09,111.32
2021-06-10,66.58,73.21,59.51,90.44,60.13,59.00,87.65
2021-06-11,98.38,63.03,64.74,122.71,106.51,64.77,96.07
2021-06-14,131.57,63.48,51.52,121.24,58.79,86.40,96.82
2021-06-15,80.94,50.96,71.25,121.89,119.97,64.30,62.81
2021-06-16,81.56,125.89,132.15,69.33,66.91,107.34,142.39
2021-06-17,101.73,130.13,99.75,127.27,112.73,126.79,68.76
2021-06-18,119.14,91.36,129.73,134.74,67.47,72.28,92.63
2021-06-21,127.20,133.41,59.74,68.68,148.03,117.00,98.19
2021-06-22,93.00,123.89,97.84,64.26,93.27,55.22,91.05
2021-06-23,123.57,58.64,78.30,90.91,113.40,57.62,134.88
2021-06-24,139.14,143.71,88.53,112.80,113.10,102.85,52.77
2021-06-25,53.15,97.06,68.98,122.77,61.00,132.01,132.39
2021-06-28,64.66,56.07,72.95,95.45,139.92,118.12,118.76
2021-06-29,68.79,92.59,131.64,61.32,133.79,144.13,124.67
2021-06-30,117.79,120.53,78.12,93.20,141.97,143.22,115.93
2021-07-01,55.82,141.54,148.87,143.81,107.79,130.68,61.79
2021-07-02,109.88,50.94,66.99,96.07,114.15,136.43,118.96
2021-07-05,83.82,135.72,87.51,55.05,117.05,128.25,128.10
2021-07-06,133.09,51.08,130.97,129.30,53.32,137.76,103.84
2021-07-07,131.44,96.74,145.96,61.50,141.54,86.11,65.49
2021-07-08,56.10,70.33,87.80,65.38,141.17,64.54,102.76
2021-07-09,128.61,72.53,112.03,98.11,138.08,130.57,57.68
2021-07-12,145.77,89.15,85.05,143.96,97.53,112.65,129.18
2021-07-13,116.79,121.38,130.21,129.51,119.92,145.04,66.52
2021-07-14,146.94,101.32,107.13,145.74,79.39,113.12,143.35
2021-07-15,76.47,109.24,83.11,63.82,76.95,124.56,129.62
2021-07-16,82.94,77.91,136.90,61.63,147.84,129.83,107.26
2021-07-19,129.33,77.77,78.38,103.68,123.73,70.18,84.87
2021-07-20,97.22,74.02,140.28,58.78,102.49,83.43,78.88
2021-07-21,61.21,63.60,69.10,115.01,137.88,138.45,78.69
2021-07-22,62.03,60.46,142.03,67.17,56.97,65.00,86.30
2021-07-23,132.04,135.84,102.14,144.06,85.74,115.75,88.39
2021-07-26,117.21,75.66,53.60,102.11,61.07,137.36,106.51
2021-07-27,51.21,122.12,124.59,70.76,149.66,136.84,53.49
2021-07-28,51.79,94.38,128.48,110.42,110.96,78.93,67.81
2021-07-29,84.34,101.05,145.31,120.62,142.64,133.75,93.66
2021-07-30,109.23,142.49,123.64,130.02,89.20,105.89,145.55
2021-08-02,88.12,131.96,121.43,112.16,87.07,59.38,128.64
2021-08-03,126.78,86.84,147.15,68.11,148.59,137.61,90.67
2021-08-04,138.86,51.92,107.66,102.52,148.24,54.47,109.04
2021-08-05,71.64,134.57,119.30,67.92,137.13,126.34,80.51
2021-08-06,102.59,89.78,76.40,60.75,93.49,81.79,95.55
2021-08-09,80.84,85.79,138.94,59.72,82.44,142.16,83.47
2021-08-10,110.03,117.65,113.56,95.07,50.41,93.39,108.33
2021-08-11,63.40,97.81,84.11,57.89,83.80,122.41,103.77
2021-08-12,146.33,131.47,82.48,93.88,117.95,85.89,106.74
2021-08-13,139.21,100.97,83.77,96.38,95.58,60.25,135.03
2021-08-16,51.54,106.64,132.96,110.41,62.84,82.10,65.56
2021-08-17,135.27,52.16,64.79,72.88,84.82,108.35,128.90
2021-08-18,88.62,142.95,63.35,82.48,96.43,115.90,52.89
2021-08-19,72.27,99.98,146.10,57.78,125.86,138.20,75.26
2021-08-20,108.51,91.67,95.18,125.91,54.10,94.76,132.07
2021-08-23,110.41,142.14,102.80,58.62,89.59,75.89,101.56
2021-08-24,111.80,56.30,126.50,126.96,100.13,75.62,96.72
2021-08-25,136.42,147.47,104.54,141.68,124.52,102.26,140.31
2021-08-26,88.95,83.04,81.01,102.86,141.74,81.20,53.12
2021-08-27,75.25,68.20,147.66,58.78,84.46,130.76,109.65
2021-08-30,99.93,136.86,91.46,60.84,116.90,86.50,131.13
2021-08-31,98.41,133.83,110.91,138.80,77.10,58.69,88.74
2021-09-01,120.67,55.97,118.11,85.06,90.39,101.64,90.21
2021-09-02,102.37,115.72,64.39,141.09,93.87,135.69,115.21
2021-09-03,127.02,54.69,102.59,54.92,54.84,90.17,112.44
2021-09-06,80.86,146.47,112.04,96.66,61.89,99.71,119.73
2021-09-07,71.61,109.05,139.49,116.42,71.34,126.21,108.42
2021-09-08,50.07,93.04,64.67,61.00,139.84,133.67,87.16
2021-09-09,126.98,57.51,140.61,112.94,93.89,109.35,64.83
2021-09-10,112.12,147.97,51.79,115.23,63.85,103.24,68.38
2021-09-13,58.40,62.65,63.60,70.74,85.89,65.55,63.59
2021-09-14,96.64,124.34,146.91,73.34,65.87,130.53,132.25
2021-09-15,52.21,107.88,83.75,79.27,143.71,85.04,87.72
2021-09-16,67.48,136.30,106.65,64.00,104.87,69.05,93.96
2021-09-17,98.38,73.57,117.43,113.20,79.32,54.88,56.39
2021-09-20,127.13,70.28,76.32,118.32,131.40,54.08,56.19
2021-09-21,53.46,62.92,104.96,104.07,109.02,115.90,60.18
2021-09-22,136.16,87.33,74.62,78.23,94.02,115.90,144.84
2021-09-23,82.47,84.30,148.20,88.09,99.06,52.29,68.34
2021-09-24,123.81,74.05,120.91,106.42,148.05,109.42,123.21
2021-09-27,62.95,71.93,142.61,106.46,72.04,89.46,140.45
2021-09-28,93.86,126.82,129.09,87.60,99.42,133.33,102.18
2021-09-29,104.96,126.21,53.48,139.41,88.89,106.95,129.41
2021-09-30,123.21,121.60,65.84,139.39,92.37,104.53,88.12
2021-10-01,133.24,82.56,75.49,108.39,104.52,65.39,78.74
2021-10-04,77.42,57.25,123.25,70.98,103.34,131.68,52.06
2021-10-05,93.43,94.95,100.82,142.16,123.84,75.17,109.51
2021-10-06,81.71,105.73,83.74,141.65,139.36,117.80,127.40
2021-10-07,135.72,90.17,68.86,89.36,141.96,80.94,136.53
2021-10-08,125.89,148.92,121.97,84.32,136.57,140.23,100.95
2021-10-11,112.49,53.74,71.95,103.62,138.27,147.80,130.97
2021-10-12,112.25,84.06,140.02,70.25,58.87,51.08,74.95
2021-10-13,61.81,61.46,118.42,100.11,94.66,97.35,142.82
2021-10-14,120.43,80.37,144.70,122.48,53.14,64.59,92.16
2021-10-15,80.57,137.06,122.68,97.26,149.88,53.19,64.51
2021-10-18,132.05,116.34,125.60,117.78,56.47,133.11,66.47
2021-10-19,51.50,57.16,81.81,144.80,143.31,71.56,59.53
2021-10-20,111.29,147.04,138.37,134.00,58.34,70.02,76.61
2021-10-21,80.77,66.83,85.13,130.94,92.61,80.43,55.15
2021-10-22,67.80,64.55,93.93,61.41,92.00,51.63,69.38
2021-10-25,138.83,149.27,124.13,147.75,121.74,71.07,105.23
2021-10-26,137.31,85.83,52.69,69.38,146.16,70.22,127.55
2021-10-27,143.25,82.34,149.05,92.91,59.52,51.45,67.96
2021-10-28,82.05,125.73,132.15,98.89,75.25,85.95,56.12
2021-10-29,117.42,105.83,92.70,53.04,91.76,133.89,133.28
2021-11-01,51.28,91.95,104.72,119.92,98.52,103.36,56.83
2021-11-02,90.19,84.06,95.33,129.36,78.63,86.16,70.36
2021-11-03,109.99,117.65,138.05,114.57,88.52,121.08,78.29
2021-11-04,124.66,71.11,143.98,73.28,107.89,84.46,145.53
2021-11-05,79.26,121.75,75.62,102.93,130.31,96.65,114.62
2021-11-08,103.54,142.18,104.57,52.63,110.59,67.68,80.41
2021-11-09,110.20,102.22,77.19,132.38,111.93,90.10,52.99
2021-11-10,105.10,146.78,71.92,130.96,63.08,98.97,118.69
2021-11-11,87.85,127.84,107.22,89.19,85.99,98.78,117.07
2021-11-12,82.09,65.95,57.05,100.73,80.87,92.16,82.50
2021-11-15,142.83,66.58,77.14,145.18,68.04,73.80,50.83
2021-11-16,98.82,50.62,146.82,88.62,128.78,149.62,59.81
2021-11-17,143.45,148.03,85.81,103.30,54.43,55.58,51.75
2021-11-18,145.92,71.45,124.23,52.00,61.43,97.17,86.90
2021-11-19,119.49,113.93,79.29,50.04,69.78,126.95,103.55
2021-11-22,84.82,131.82,59.08,120.17,138.29,147.32,75.16
2021-11-23,124.87,134.37,125.34,70.26,68.73,98.22,149.14
2021-11-24,122.16,138.33,72.49,89.58,111.15,142.27,103.85
2021-11-25,101.68,73.85,112.38,121.21,53.95,104.14,64.24
2021-11-26,134.01,122.75,50.03,137.67,80.52,132.14,144.68
2021-11-29,76.40,71.00,64.37,94.51,128.07,55.56,116.66
2021-11-30,74.01,136.28,89.73,76.52,65.93,134.03,117.05
2021-12-01,95.19,86.19,65.01,126.41,109.91,126.63,141.63
2021-12-02,52.66,126.52,134.97,89.22,133.29,126.02,59.33
2021-12-03,125.09,57.34,74.52,52.16,108.94,122.65,97.53
2021-12-06,121.70,124.83,94.78,73.94,52.34,107.18,71.29
2021-12-07,85.60,77.15,122.01,73.12,50.93,137.83,59.51
2021-12-08,141.67,50.78,73.93,142.44,62.06,69.57,121.23
2021-12-09,136.48,134.05,147.11,107.37,79.89,107.21,65.56
2021-12-10,96.97,139.52,88.49,73.21,76.43,80.82,131.24
2021-12-13,148.64,126.22,75.90,116.51,96.18,118.15,98.66
2021-12-14,108.18,59.28,126.27,142.16,120.66,91.04,98.95
2021-12-15,135.65,59.46,80.19,62.64,84.11,55.99,137.06
2021-12-16,111.16,114.23,95.40,109.62,65.72,108.38,88.12
2021-12-17,83.59,117.97,105.42,110.22,76.28,83.57,114.47
2021-12-20,55.25,112.85,140.09,137.33,96.81,100.59,76.27
2021-12-21,142.25,87.81,115.15,89.12,134.27,96.29,139.38
2021-12-22,72.08,95.61,98.80,108.83,111.23,65.59,56.14
2021-12-23,54.08,114.91,133.93,145.32,127.98,107.29,57.56
2021-12-24,78.39,111.56,108.99,107.18,132.42,90.99,54.33
2021-12-27,75.77,147.30,98.10,86.44,130.64,105.25,123.88
2021-12-28,59.43,128.97,122.50,85.25,143.94,125.12,134.21
2021-12-29,105.71,63.96,75.14,141.44,139.56,78.38,141.55
2021-12-30,127.05,91.27,68.24,108.06,59.06,67.44,115.68
2021-12-31,76.32,94.33,146.97,90.77,58.81,82.02,79.14
2022-01-03,50.23,146.25,71.92,87.59,100.84,103.06,70.19
2022-01-04,52.31,100.19,119.86,126.38,77.10,94.51,147.17
2022-01-05,120.61,91.84,121.33,118.46,52.15,148.71,59.74
2022-01-06,91.43,146.94,137.15,76.76,140.92,73.53,96.92
2022-01-07,127.74,84.48,117.80,95.88,61.01,75.78,124.35
2022-01-10,75.28,93.86,117.88,99.93,77.94,101.93,122.15
2022-01-11,92.84,141.25,143.16,90.64,124.57,90.69,91.66
2022-01-12,69.37,133.67,126.61,57.82,107.60,122.19,143.99
2022-01-13,60.62,119.45,111.65,121.91,101.19,149.19,98.96
2022-01-14,75.64,84.16,99.69,102.31,128.63,147.25,137.87
2022-01-17,120.93,78.00,115.87,129.61,59.53,87.74,133.05
2022-01-18,96.43,144.61,139.39,64.09,118.72,123.72,140.02
2022-01-19,123.07,102.50,118.21,57.08,64.32,77.64,132.34
2022-01-20,84.44,130.86,113.20,85.62,131.18,147.66,94.43
2022-01-21,136.71,122.31,67.78,82.68,64.55,75.15,63.84
2022-01-24,136.49,77.21,64.38,134.49,51.15,97.56,108.65
2022-01-25,80.27,63.60,127.99,149.10,97.98,136.07,92.85
2022-01-26,131.25,73.04,110.91,96.84,117.27,107.59,64.96
2022-01-27,64.67,63.88,115.95,83.68,58.95,60.45,107.63
2022-01-28,62.56,56.89,131.81,137.17,88.02,100.44,69.16
2022-01-31,120.41,51.58,110.96,56.58,51.67,140.05,93.79
2022-02-01,107.06,98.28,72.66,103.03,82.43,58.76,97.87
2022-02-02,105.15,64.00,87.26,66.00,92.48,83.34,124.41
2022-02-03,61.68,75.61,141.83,117.84,89.74,58.51,144.24
2022-02-04,118.49,100.19,59.21,144.60,134.96,94.84,99.86
2022-02-07,73.40,125.14,139.33,120.00,143.31,58.79,51.99
2022-02-08,61.81,93.16,138.05,107.29,140.12,65.95,126.28
2022-02-09,145.59,93.69,136.07,51.04,80.46,53.46,134.56
2022-02-10,128.90,58.10,130.55,108.64,65.89,80.00,143.80
2022-02-11,135.85,107.52,98.81,140.57,117.16,147.35,115.68
2022-02-14,118.14,131.51,52.65,50.66,57.33,128.00,64.64
2022-02-15,52.42,85.70,124.97,72.99,75.18,128.41,133.48
2022-02-16,98.22,78.75,96.29,138.28,94.23,114.29,125.78
2022-02-17,139.15,105.21,80.73,88.26,112.78,78.48,109.44
2022-02-18,130.22,122.27,89.39,109.36,64.66,70.12,77.27
2022-02-21,145.86,120.89,130.90,89.77,99.17,134.31,88.09
2022-02-22,88.62,135.37,108.66,93.58,126.25,135.96,77.42
2022-02-23,53.35,141.61,138.36,57.37,68.00,77.88,93.67
2022-02-24,108.62,79.64,112.85,50.31,126.81,122.99,63.36
2022-02-25,113.30,125.59,72.14,73.04,60.28,90.71,120.84
2022-02-28,65.39,139.60,101.14,95.32,93.01,86.29,54.19
2022-03-01,64.13,56.87,50.29,90.01,113.81,149.07,140.54
2022-03-02,114.84,142.07,83.66,98.86,108.97,76.52,101.19
2022-03-03,119.72,55.46,111.07,133.71,142.22,138.15,105.82
2022-03-04,76.41,90.00,118.20,64.34,117.82,73.61,54.66
2022-03-07,74.03,145.83,61.09,90.66,96.38,112.40,119.23
2022-03-08,106.16,63.88,117.69,138.12,131.07,66.57,80.15
2022-03-09,125.92,121.76,148.11,101.88,89.42,71.67,147.46
2022-03-10,63.27,80.16,90.82,70.92,113.90,104.94,102.45
2022-03-11,53.25,90.91,74.97,102.90,141.20,95.89,128.19
2022-03-14,55.66,92.44,95.44,100.90,145.82,69.12,64.30
2022-03-15,80.87,82.92,143.78,112.54,149.06,75.54,90.82
2022-03-16,94.75,118.79,102.04,94.71,71.62,146.57,69.23
2022-03-17,140.19,99.21,137.04,146.91,70.65,95.91,62.48
2022-03-18,136.92,74.07,98.13,101.63,85.85,112.08,71.05
2022-03-21,73.13,84.29,62.96,146.27,54.75,97.14,109.66
2022-03-22,107.71,131.68,51.61,126.01,125.48,109.00,134.09
2022-03-23,139.66,82.62,110.99,81.17,100.31,97.55,74.38
2022-03-24,132.23,75.95,129.62,61.01,106.48,73.61,91.78
2022-03-25,55.43,119.48,124.08,140.97,53.06,139.86,91.77
2022-03-28,85.89,148.94,52.16,71.31,113.78,73.66,89.32
2022-03-29,107.68,69.35,55.92,103.85,146.60,90.73,93.34
2022-03-30,140.05,132.79,58.55,118.77,119.93,140.34,50.29
2022-03-31,147.14,118.74,79.93,99.57,110.27,127.75,103.91
2022-04-01,147.57,81.42,139.83,79.71,97.65,115.65,137.51
2022-04-04,82.38,84.09,73.33,50.66,96.92,109.06,109.01
2022-04-05,142.57,106.09,66.42,121.11,116.03,134.46,123.42
2022-04-06,79.95,144.85,52.94,103.56,68.92,66.41,143.55
2022-04-07,50.20,148.49,109.59,110.91,84.04,131.20,106.67
2022-04-08,69.62,90.87,128.43,72.65,99.22,118.95,102.62
2022-04-11,81.90,60.04,86.56,126.06,144.56,108.62,56.53
2022-04-12,62.72,86.35,110.95,149.01,90.02,124.81,102.54
2022-04-13,110.13,53.60,94.35,138.03,145.77,57.48,70.03
2022-04-14,72.38,84.39,89.80,80.52,128.29,122.48,143.13
2022-04-15,92.05,144.52,143.49,86.72,100.69,51.40,120.92
2022-04-18,117.24,148.73,110.60,73.54,58.58,141.27,142.83
2022-04-19,112.32,63.36,122.06,82.02,86.88,70.93,120.05
2022-04-20,134.98,70.03,89.61,118.48,72.56,111.11,115.78
2022-04-21,84.09,107.37,69.38,84.88,142.12,81.15,107.86
2022-04-22,145.37,115.16,81.70,52.02,75.68,68.91,71.63
2022-04-25,79.48,118.05,74.52,129.50,86.90,76.64,69.84
2022-04-26,56.51,57.97,130.37,99.13,108.55,73.66,55.83
2022-04-27,148.84,105.12,96.31,55.51,99.76,75.82,116.64
2022-04-28,141.12,131.12,102.11,125.03,102.14,114.39,88.67
2022-04-29,90.20,138.42,55.19,128.70,100.49,76.85,142.28
2022-05-02,113.09,69.26,117.61,122.95,64.94,110.54,142.39
2022-05-03,82.21,56.89,88.60,62.79,86.47,137.58,124.51
2022-05-04,112.40,83.66,81.76,148.98,80.02,115.52,57.22
2022-05-05,73.10,136.50,134.88,85.31,55.68,73.38,145.41
2022-05-06,94.66,132.60,55.99,115.16,121.67,53.38,60.20
2022-05-09,92.47,97.50,104.77,59.78,56.24,50.18,139.14
2022-05-10,98.68,87.03,57.75,133.98,86.96,133.76,125.79
2022-05-11,105.66,102.36,100.84,148.29,126.81,136.75,72.74
2022-05-12,97.23,87.22,140.07,63.11,97.69,118.90,147.50
2022-05-13,83.76,91.16,75.42,56.48,63.21,57.08,82.17
2022-05-16,56.09,147.99,128.40,51.65,105.81,101.73,134.61
2022-05-17,103.66,140.99,93.66,91.66,104.54,149.92,88.91
2022-05-18,65.08,79.32,92.60,79.42,106.02,87.13,61.38
2022-05-19,148.14,127.38,64.22,121.70,73.44,82.66,121.53
2022-05-20,107.71,101.79,114.89,86.03,74.67,131.13,62.21
2022-05-23,142.22,145.07,52.52,91.42,118.37,130.68,51.88
2022-05-24,50.27,101.59,141.08,83.53,144.38,67.33,56.51
2022-05-25,104.20,78.34,111.26,79.06,134.85,105.26,59.96
2022-05-26,129.88,101.38,51.97,61.20,83.44,137.56,75.84
2022-05-27,128.91,117.11,64.46,136.03,101.27,130.80,129.03
2022-05-30,139.67,147.94,69.02,107.84,143.65,99.85,113.63
2022-05-31,80.74,84.42,90.93,122.19,116.21,54.23,130.43
2022-06-01,140.11,93.80,121.81,99.38,87.10,118.38,54.03
2022-06-02,73.35,113.93,86.30,63.11,80.39,129.78,76.93
2022-06-03,60.77,114.51,75.62,121.53,59.38,134.19,78.98
2022-06-06,85.71,131.40,140.98,109.93,73.62,148.55,113.31
2022-06-07,141.08,148.52,78.54,69.14,94.33,146.19,117.32
2022-06-08,75.47,60.54,122.83,112.09,59.01,137.61,104.51
2022-06-09,134.80,133.82,100.07,102.58,71.97,106.66,86.49
2022-06-10,138.99,62.70,93.36,106.85,70.70,102.58,121.60
2022-06-13,129.54,74.95,147.06,76.21,109.23,63.89,117.84
2022-06-14,79.63,142.78,127.31,139.86,133.99,120.10,79.68
2022-06-15,51.29,131.48,54.18,140.66,105.46,135.31,132.82
2022-06-16,62.66,80.42,72.57,111.79,113.34,89.05,64.66
2022-06-17,144.63,139.44,137.53,52.85,115.18,108.61,114.85
2022-06-20,137.12,100.00,120.83,145.68,124.96,74.88,115.79
2022-06-21,70.37,149.36,83.80,139.81,76.21,68.39,87.68
2022-06-22,105.93,70.94,52.41,138.70,108.92,108.55,94.53
2022-06-23,93.46,146.44,142.76,74.51,92.22,136.52,67.32
2022-06-24,89.99,88.68,77.00,86.86,129.34,138.69,100.04
2022-06-27,143.75,67.99,58.02,97.13,118.00,59.33,128.11
2022-06-28,102.61,54.37,140.39,65.45,51.46,120.65,82.38
2022-06-29,128.34,79.64,148.84,59.85,134.64,113.14,119.35
2022-06-30,79.50,149.87,70.70,95.14,52.77,123.00,124.64
2022-07-01,119.24,128.63,102.43,86.31,132.40,120.36,67.91
2022-07-04,55.24,65.84,109.78,87.40,118.12,111.40,132.72
2022-07-05,134.54,135.06,120.84,88.78,125.82,66.77,63.61
2022-07-06,65.45,95.13,96.59,59.69,95.26,136.02,67.65
2022-07-07,102.91,114.13,62.77,81.28,89.56,129.35,112.82
2022-07-08,61.92,73.83,63.27,53.61,142.69,143.23,144.27
2022-07-11,137.79,78.15,62.52,111.17,85.41,98.32,138.62
2022-07-12,146.47,64.91,62.95,117.03,139.31,100.22,59.06
2022-07-13,53.57,147.48,134.01,105.93,81.31,61.70,76.86
2022-07-14,138.97,59.64,138.87,108.39,85.39,117.85,86.10
2022-07-15,102.31,67.24,89.92,128.02,76.00,53.87,114.14
2022-07-18,111.09,123.97,142.07,121.94,119.92,53.32,128.02
2022-07-19,126.19,127.65,100.23,115.08,95.44,95.64,79.56
2022-07-20,136.66,133.10,53.61,88.49,89.20,103.64,67.71
2022-07-21,67.38,77.49,64.04,50.51,135.31,84.80,78.94
2022-07-22,143.91,80.37,117.39,119.37,50.61,98.49,87.69
2022-07-25,139.96,73.12,99.89,87.27,56.57,93.70,111.40
2022-07-26,97.10,115.43,82.91,60.12,135.06,137.98,118.03
2022-07-27,64.66,143.91,92.69,75.86,86.48,100.84,76.73
2022-07-28,148.74,121.80,55.15,75.04,128.77,137.64,50.79
2022-07-29,63.51,64.48,99.93,55.71,120.51,137.68,117.14
2022-08-01,123.95,98.80,94.50,63.50,82.17,104.62,109.33
2022-08-02,95.75,148.93,73.91,97.89,140.77,78.31,90.00
2022-08-03,99.51,107.64,123.88,73.78,144.42,112.87,102.21
2022-08-04,117.34,108.54,130.66,130.17,111.35,67.03,91.91
2022-08-05,59.86,117.43,136.64,77.99,118.30,120.26,86.51
2022-08-08,65.30,84.12,129.18,145.94,101.46,121.63,70.42
2022-08-09,137.02,76.12,119.88,106.44,50.67,149.06,60.96
2022-08-10,56.21,111.88,109.74,84.31,74.64,115.11,63.56
2022-08-11,147.99,140.30,86.03,76.45,78.27,75.34,129.34
2022-08-12,144.83,133.39,56.60,60.68,89.96,89.01,149.91
2022-08-15,68.19,135.21,122.59,67.35,79.03,122.51,129.27
2022-08-16,105.45,135.02,68.60,116.89,90.25,115.05,117.01
2022-08-17,83.60,96.27,148.87,61.09,126.54,146.95,119.44
2022-08-18,68.56,67.85,119.85,128.48,148.27,130.65,117.77
2022-08-19,109.28,83.44,113.67,104.51,132.24,108.89,131.65
2022-08-22,143.53,64.08,109.86,148.97,107.86,108.37,143.39
2022-08-23,66.09,108.12,104.35,108.29,87.68,145.69,124.81
2022-08-24,119.62,103.92,83.22,57.61,123.71,98.03,105.77
2022-08-25,109.87,53.94,137.11,128.07,100.61,77.92,98.14
2022-08-26,78.67,107.41,139.73,60.48,58.16,65.43,78.41
2022-08-29,141.11,85.60,141.03,58.17,103.59,146.74,97.08
2022-08-30,71.50,62.05,73.18,100.92,131.18,125.40,118.13
2022-08-31,122.11,86.61,96.44,146.08,115.51,125.03,135.37
2022-09-01,71.52,114.21,142.44,147.52,113.20,78.30,73.25
2022-09-02,104.66,71.91,76.18,76.69,131.73,59.45,64.42
2022-09-05,96.84,98.03,82.68,143.81,87.79,119.26,83.77
2022-09-06,119.87,70.59,60.42,134.37,70.39,142.04,121.27
2022-09-07,62.55,122.38,88.28,74.10,88.54,115.61,138.97
2022-09-08,81.90,79.37,116.73,89.10,91.53,95.55,90.15
2022-09-09,98.85,76.60,121.99,142.83,64.00,91.76,139.86
2022-09-12,51.47,51.36,60.49,60.69,89.21,132.55,76.27
2022-09-13,59.98,114.14,96.79,104.33,84.58,125.84,137.99
2022-09-14,107.07,53.80,98.88,118.29,139.55,102.46,70.93
2022-09-15,71.38,89.95,106.40,115.03,122.66,79.33,120.12
2022-09-16,90.12,74.42,139.26,142.36,147.10,82.47,58.02
2022-09-19,130.79,133.91,141.77,73.72,100.40,130.83,63.91
2022-09-20,85.43,102.26,121.63,91.90,61.55,149.91,128.72
2022-09-21,79.33,76.41,108.77,86.94,128.18,93.58,128.42
2022-09-22,69.05,87.00,109.43,113.43,67.15,84.37,107.50
2022-09-23,74.17,101.28,92.05,102.54,115.55,77.22,123.42
2022-09-26,132.52,130.56,131.27,81.03,109.58,101.88,117.31
2022-09-27,109.66,82.00,134.23,55.19,134.83,124.57,140.81
2022-09-28,60.57,76.92,55.28,103.92,57.47,105.29,148.35
2022-09-29,73.87,143.42,92.50,97.01,111.16,97.92,63.98
2022-09-30,115.49,133.47,148.37,83.48,100.39,52.07,87.61
2022-10-03,137.43,96.80,139.13,56.41,144.23,82.33,83.30
2022-10-04,69.31,125.38,112.13,133.32,56.36,90.46,89.54
2022-10-05,87.98,104.35,149.38,111.37,142.01,56.99,53.45
2022-10-06,111.58,123.27,100.01,104.74,135.51,122.78,115.24
2022-10-07,126.14,53.63,144.41,53.76,118.01,136.41,116.20
2022-10-10,57.59,78.94,77.88,61.67,116.35,78.58,64.55
2022-10-11,99.72,79.65,121.03,117.92,125.34,134.28,134.17
2022-10-12,99.10,128.82,136.68,70.67,86.86,74.84,149.69
2022-10-13,109.39,146.27,50.82,99.97,148.84,50.52,124.90
2022-10-14,119.93,57.18,134.74,115.23,118.96,51.46,86.19
2022-10-17,107.23,62.56,77.46,86.35,113.34,145.45,91.18
2022-10-18,70.29,136.36,62.64,104.83,128.97,99.67,91.55
2022-10-19,136.21,68.16,145.18,57.27,127.79,129.47,65.58
2022-10-20,98.30,61.67,82.76,137.33,71.34,77.62,88.37
2022-10-21,100.44,66.43,53.82,143.99,147.57,69.55,62.89
2022-10-24,91.30,54.52,57.44,80.39,55.01,58.75,52.31
2022-10-25,96.26,57.82,118.32,126.59,99.07,111.18,111.27
2022-10-26,103.93,57.30,82.20,133.70,119.19,107.20,99.01
2022-10-27,144.50,70.77,50.14,100.12,59.02,124.94,126.65
2022-10-28,62.59,142.97,79.89,124.07,87.99,51.70,92.85
2022-10-31,61.71,113.57,82.54,78.86,99.45,109.58,84.90
2022-11-01,148.40,88.87,73.16,65.72,141.64,135.03,84.94
2022-11-02,118.53,111.03,67.57,147.21,65.04,97.10,58.92
2022-11-03,146.59,80.05,120.93,82.64,135.02,83.23,80.82
2022-11-04,123.68,99.90,106.89,68.14,55.77,104.86,114.49
2022-11-07,68.71,117.85,95.02,91.75,66.86,126.21,137.41
2022-11-08,96.74,60.98,120.19,114.92,66.23,65.68,67.09
2022-11-09,134.41,91.69,111.64,114.75,65.07,145.12,100.93
2022-11-10,73.53,69.44,121.75,141.28,135.83,70.20,115.39
2022-11-11,107.50,68.57,113.77,138.24,86.93,120.68,68.01
2022-11-14,98.85,100.82,144.89,103.66,123.96,140.74,112.17
2022-11-15,90.90,124.83,107.60,131.83,97.81,138.02,116.17
2022-11-16,56.87,134.23,87.80,66.61,74.86,65.08,144.45
2022-11-17,142.96,120.02,62.88,113.35,102.90,118.15,81.44
2022-11-18,89.38,99.20,69.76,71.41,119.43,92.60,142.32
2022-11-21,93.35,82.31,57.53,118.92,91.40,109.30,92.30
2022-11-22,135.58,125.68,83.47,136.51,94.70,121.13,148.95
2022-11-23,87.89,138.82,149.28,128.81,95.99,140.06,54.54
2022-11-24,122.04,53.38,52.39,92.35,114.20,97.97,51.69
2022-11-25,61.95,51.30,52.09,111.69,143.13,117.80,73.10
2022-11-28,101.34,79.77,102.26,73.68,81.20,118.50,82.36
2022-11-29,96.09,95.41,124.54,132.93,129.55,83.78,76.97
2022-11-30,79.07,102.68,68.09,119.31,145.35,51.64,95.90
2022-12-01,67.47,112.15,133.62,139.08,141.59,67.83,66.00
2022-12-02,56.28,110.24,74.49,98.35,120.45,130.05,70.61
2022-12-05,148.50,88.05,100.05,106.23,56.19,137.00,125.59
2022-12-06,120.49,106.63,119.73,80.04,94.50,54.12,72.85
2022-12-07,70.96,73.99,57.62,147.57,146.28,105.29,114.34
2022-12-08,62.99,81.59,82.03,68.30,127.93,85.09,113.66
2022-12-09,77.63,58.14,59.56,135.30,128.86,136.39,132.51
2022-12-12,55.39,127.13,85.75,81.54,115.18,68.64,100.23
2022-12-13,74.01,75.19,103.83,130.99,109.74,78.31,64.08
2022-12-14,73.08,89.42,139.04,134.65,61.27,118.40,51.18
2022-12-15,149.90,104.66,141.54,63.94,64.95,84.38,126.97
2022-12-16,73.68,51.32,69.28,57.28,74.24,149.32,96.42
2022-12-19,139.38,52.26,140.89,68.49,58.53,54.43,84.04
2022-12-20,77.95,146.78,113.69,125.04,62.45,121.29,109.15
2022-12-21,58.62,144.24,109.26,112.93,105.04,67.06,127.54
2022-12-22,75.32,54.44,131.17,104.81,123.16,121.72,65.02
2022-12-23,146.47,126.98,80.31,66.53,107.24,103.30,97.91
2022-12-26,127.32,53.70,65.16,94.57,69.63,50.88,101.01
2022-12-27,138.23,90.72,70.66,104.28,86.81,72.66,136.71
2022-12-28,54.08,114.60,61.85,129.39,58.55,58.81,122.58
2022-12-29,119.94,88.65,136.42,143.14,92.49,147.63,52.76
2022-12-30,118.29,93.38,115.80,118.83,63.22,93.51,97.25
2023-01-02,136.71,111.29,95.89,59.20,55.79,58.84,111.89
2023-01-03,117.07,135.24,75.70,90.26,63.23,135.11,109.92
2023-01-04,57.30,51.28,69.83,50.42,82.53,96.05,148.94
2023-01-05,90.05,148.15,78.37,108.47,53.92,77.28,52.20
2023-01-06,136.49,102.21,93.36,141.81,149.50,135.77,129.88
2023-01-09,93.02,65.38,51.93,124.55,107.59,142.29,119.29
2023-01-10,96.43,73.12,85.17,83.83,147.05,144.47,107.97
2023-01-11,109.41,71.24,80.83,85.44,81.07,129.29,70.89
2023-01-12,122.18,50.62,134.39,63.05,128.92,90.43,101.83
2023-01-13,73.57,126.44,114.99,51.37,120.57,93.53,93.33
2023-01-16,120.31,52.57,50.53,94.48,110.50,75.33,123.90
2023-01-17,149.14,88.25,62.94,108.76,64.78,86.54,65.73
2023-01-18,115.63,97.41,84.31,85.32,73.28,104.02,59.43
2023-01-19,133.95,111.72,116.31,103.61,74.45,108.48,92.67
2023-01-20,149.29,131.90,70.80,124.31,91.63,107.49,103.26
2023-01-23,66.25,109.13,114.92,67.15,134.75,143.20,73.17
2023-01-24,113.02,71.49,125.91,149.54,124.04,128.36,64.88
2023-01-25,89.35,68.48,145.28,149.92,53.82,143.57,77.71
2023-01-26,107.06,132.57,92.12,115.69,96.34,145.87,61.00
2023-01-27,131.05,64.13,77.00,113.36,146.30,135.48,69.40
2023-01-30,98.27,108.28,104.27,131.90,62.10,133.34,60.14
2023-01-31,97.05,130.27,122.50,120.10,134.47,109.78,129.71
2023-02-01,121.88,99.89,78.64,72.85,130.74,103.82,77.65
2023-02-02,149.83,103.08,64.09,133.40,126.07,146.13,66.79
2023-02-03,57.66,92.30,109.82,74.10,95.40,118.03,63.98
2023-02-06,127.79,77.97,83.18,95.19,61.66,142.03,108.26
2023-02-07,52.43,112.01,74.94,93.21,129.15,115.53,122.56
2023-02-08,108.42,120.19,139.78,74.73,130.90,118.57,144.22
2023-02-09,65.79,115.45,132.05,135.56,138.37,132.37,96.08
2023-02-10,89.20,109.06,89.40,77.86,125.74,136.89,134.41
2023-02-13,112.44,135.24,105.23,86.84,127.40,110.00,135.37
2023-02-14,64.10,59.68,65.44,130.29,100.15,114.73,132.03
2023-02-15,72.42,65.67,84.50,58.40,62.11,138.33,81.49
2023-02-16,121.45,93.80,80.77,116.73,90.17,84.58,78.18
2023-02-17,136.32,139.67,86.04,89.60,77.70,117.07,115.14
2023-02-20,78.99,72.73,64.66,122.63,93.66,119.81,146.97
2023-02-21,94.47,121.19,101.28,97.76,146.33,56.89,110.25
2023-02-22,109.53,94.80,128.06,132.90,71.99,149.22,142.22
2023-02-23,149.05,143.75,113.37,117.65,76.54,101.22,136.56
2023-02-24,111.56,94.86,57.48,147.86,107.40,87.13,76.39
2023-02-27,67.34,127.98,120.74,121.63,93.70,104.42,127.05
2023-02-28,94.37,94.22,135.69,130.91,107.60,65.58,92.57
2023-03-01,94.40,126.59,80.32,91.06,104.04,95.15,54.28
2023-03-02,142.76,70.66,89.04,119.14,114.05,135.05,59.69
2023-03-03,57.62,99.22,60.04,92.08,78.87,65.87,50.63
2023-03-06,70.26,107.58,75.82,65.56,143.27,127.84,142.29
2023-03-07,86.83,104.60,82.42,127.96,121.52,129.78,63.82
2023-03-08,81.83,67.02,65.97,87.04,67.06,72.47,92.99
2023-03-09,119.99,58.66,143.17,144.78,55.39,50.53,99.39
2023-03-10,73.08,100.17,120.41,115.33,126.91,114.08,119.49
2023-03-13,128.89,134.57,100.34,64.05,82.35,99.68,104.92
2023-03-14,132.86,146.88,135.80,59.13,116.70,52.05,142.47
2023-03-15,118.33,80.23,95.33,92.26,87.08,99.81,147.94
2023-03-16,117.78,130.94,89.16,143.19,98.67,66.49,57.46
2023-03-17,126.49,118.77,107.47,93.31,123.72,50.11,100.43
2023-03-20,90.46,117.32,126.80,147.58,55.88,115.48,50.99
2023-03-21,60.74,92.79,115.31,100.22,107.42,141.45,63.15
2023-03-22,101.36,79.64,106.66,92.44,115.70,59.76,59.24
2023-03-23,126.60,85.25,69.15,133.24,147.45,83.90,135.83
2023-03-24,82.80,111.70,60.71,142.36,149.76,114.32,141.84
2023-03-27,70.01,135.46,64.86,97.29,141.17,58.67,84.12
2023-03-28,63.69,135.03,107.71,144.41,125.40,107.73,88.43
2023-03-29,135.87,84.66,106.09,109.78,148.16,60.67,120.70
2023-03-30,109.63,113.91,117.11,102.64,78.21,93.56,71.55
2023-03-31,131.87,91.59,78.47,128.59,75.53,55.96,109.04
2023-04-03,50.91,55.74,93.47,78.10,81.18,126.02,133.99
2023-04-04,133.29,99.09,105.43,145.72,82.47,82.49,137.66
2023-04-05,121.93,114.11,134.10,108.06,111.81,50.91,136.46
2023-04-06,64.89,125.60,129.07,115.23,81.35,140.63,115.64
2023-04-07,131.95,74.32,64.79,112.29,129.44,120.84,115.16
2023-04-10,86.17,141.13,50.07,97.62,123.11,93.65,99.50
2023-04-11,118.59,142.06,144.86,134.09,91.86,121.38,119.11
2023-04-12,92.91,77.60,59.91,117.60,92.55,87.31,103.43
2023-04-13,96.35,69.73,143.95,141.07,133.94,72.08,68.26
2023-04-14,137.79,54.57,63.96,109.79,126.79,130.16,71.77
2023-04-17,68.95,80.01,97.58,55.71,132.29,90.85,67.38
2023-04-18,91.36,59.93,62.45,50.88,55.67,79.74,97.66
2023-04-19,122.54,104.46,99.66,146.63,120.86,135.23,91.81
2023-04-20,85.64,52.03,119.59,115.61,110.99,126.34,70.06
2023-04-21,56.86,54.66,141.09,86.15,127.59,92.69,145.81
2023-04-24,149.46,86.90,61.20,92.49,101.79,134.96,80.71
2023-04-25,80.82,131.69,119.17,107.36,104.25,68.98,73.82
2023-04-26,56.15,119.88,75.37,135.13,65.19,84.35,126.00
2023-04-27,124.97,78.52,115.80,61.27,98.65,87.70,74.16
2023-04-28,97.95,112.09,105.05,97.10,121.03,138.86,113.89
2023-05-01,64.94,146.08,115.17,94.29,84.87,61.13,58.84
2023-05-02,94.41,66.87,101.58,89.78,62.31,148.40,50.65
2023-05-03,102.03,148.76,134.24,61.32,146.99,54.44,91.00
2023-05-04,134.54,112.97,80.56,85.74,138.31,116.23,84.18
2023-05-05,138.12,97.11,116.36,122.52,125.67,61.58,96.73
2023-05-08,125.66,86.82,146.67,83.46,97.64,143.00,102.85
2023-05-09,52.34,52.94,119.30,136.29,83.31,89.41,148.50
2023-05-10,130.13,96.69,133.35,67.63,131.04,67.80,65.86
2023-05-11,102.91,66.59,125.86,50.90,90.60,89.60,118.86
2023-05-12,75.09,55.05,70.85,112.30,87.03,126.12,89.18
2023-05-15,143.62,89.28,68.13,121.85,126.13,64.12,57.09
2023-05-16,69.21,75.48,112.48,75.39,133.80,128.43,73.04
2023-05-17,106.95,110.99,142.43,114.85,144.65,115.57,116.57
2023-05-18,98.38,104.19,86.85,123.62,76.86,136.03,139.00
2023-05-19,53.55,122.73,89.25,102.82,108.66,110.62,76.02
2023-05-22,124.01,133.32,132.68,58.40,57.89,81.85,118.21
2023-05-23,73.38,104.73,127.29,65.52,63.11,92.63,122.16
2023-05-24,116.53,95.07,118.47,75.19,128.78,140.73,56.61
2023-05-25,146.10,61.25,131.55,94.27,111.53,117.47,70.17
2023-05-26,146.32,133.17,139.62,137.37,118.17,112.79,73.75
2023-05-29,63.63,118.12,82.05,59.61,69.91,104.62,136.49
2023-05-30,130.54,77.17,143.59,76.67,101.66,143.62,109.29
2023-05-31,106.89,108.62,75.95,122.24,145.11,126.44,136.18
2023-06-01,111.76,54.78,128.47,119.83,141.33,52.57,90.44
2023-06-02,141.25,102.19,111.92,135.05,103.25,89.33,85.79
2023-06-05,66.79,57.46,88.50,94.94,142.61,70.43,54.33
2023-06-06,102.08,93.72,59.47,129.74,147.77,136.70,76.41
2023-06-07,102.14,126.23,121.86,95.19,111.90,67.79,146.36
2023-06-08,139.18,72.85,118.31,144.62,144.94,131.94,52.76
2023-06-09,88.14,83.57,96.97,142.34,78.83,126.18,91.91
2023-06-12,141.42,73.97,86.59,69.22,110.69,116.32,114.99
2023-06-13,132.59,113.09,78.42,113.08,97.40,69.16,107.33
2023-06-14,55.36,52.35,55.84,80.86,104.40,66.99,71.05
2023-06-15,55.33,101.36,117.92,69.43,108.92,112.40,96.38
2023-06-16,51.18,51.94,115.73,147.97,93.44,88.89,125.09
2023-06-19,79.94,143.39,76.24,94.38,137.59,96.67,78.45
2023-06-20,76.09,71.84,91.05,141.36,102.44,86.56,124.17
2023-06-21,53.78,105.26,124.79,135.59,81.94,139.99,79.69
2023-06-22,107.81,78.16,140.22,100.36,68.64,69.86,68.43
2023-06-23,114.33,51.47,73.53,136.27,138.39,51.48,74.23
2023-06-26,96.88,103.82,106.37,106.04,110.32,60.05,113.46
2023-06-27,88.27,90.81,88.09,57.51,141.32,73.59,78.55
2023-06-28,125.96,57.87,84.42,97.79,123.79,124.87,143.15
2023-06-29,84.99,65.78,125.25,143.35,148.88,132.52,60.87
2023-06-30,141.78,119.79,78.11,138.88,107.49,138.61,120.19
2023-07-03,137.03,134.43,97.81,67.97,54.37,80.86,76.46
2023-07-04,132.29,76.11,84.10,60.55,77.18,57.24,121.51
2023-07-05,133.67,77.90,88.21,65.47,79.57,119.65,92.15
2023-07-06,82.33,97.58,108.53,83.81,91.01,97.38,70.19
2023-07-07,78.61,101.84,81.66,87.81,118.10,96.39,99.72
2023-07-10,85.58,50.09,73.51,135.27,67.01,105.54,100.22
2023-07-11,76.25,71.00,148.89,96.88,88.59,56.05,93.12
2023-07-12,118.43,131.92,101.43,114.69,123.91,96.95,76.71
2023-07-13,70.05,51.04,122.10,68.98,89.10,93.49,84.87
2023-07-14,82.17,73.95,118.46,105.72,114.59,149.15,112.76
2023-07-17,99.45,101.32,131.09,149.27,112.31,65.13,117.64
2023-07-18,96.83,64.14,61.58,145.52,89.05,114.19,88.17
2023-07-19,141.83,96.05,121.88,77.29,73.76,81.49,111.82
2023-07-20,141.39,71.01,133.55,137.80,60.66,125.44,74.97
2023-07-21,79.23,71.64,109.84,148.61,133.37,70.17,71.70
2023-07-24,134.80,108.66,119.49,140.55,57.75,144.60,112.59
2023-07-25,79.55,96.99,128.08,117.87,92.53,102.91,59.23
2023-07-26,143.93,130.50,126.26,111.68,72.94,83.09,100.75
2023-07-27,52.08,97.70,122.40,107.61,115.60,122.61,132.14
2023-07-28,141.49,50.27,132.44,91.75,96.20,112.16,125.43
2023-07-31,68.27,72.44,71.74,57.27,139.56,83.65,68.77
2023-08-01,112.75,136.39,76.23,129.78,111.74,58.54,110.45
2023-08-02,100.73,115.97,130.90,109.36,66.25,124.34,125.93
2023-08-03,67.34,88.78,121.28,111.50,88.87,87.51,62.97
2023-08-04,62.21,74.35,102.68,135.49,84.86,52.27,149.65
2023-08-07,95.07,117.88,101.76,139.19,123.07,86.67,137.05
2023-08-08,53.96,120.41,102.51,138.43,54.76,106.26,103.28
2023-08-09,113.78,86.77,132.51,121.63,121.96,66.77,63.90
2023-08-10,99.36,108.92,98.77,138.76,64.35,95.66,139.34
2023-08-11,141.62,140.64,59.77,56.80,137.01,53.74,145.88
2023-08-14,119.23,70.26,68.95,117.13,88.28,103.17,149.04
2023-08-15,84.08,97.94,114.29,78.88,103.11,118.99,133.09
2023-08-16,134.05,58.48,106.72,102.77,66.47,56.74,72.61
2023-08-17,124.51,111.28,55.66,101.52,86.71,72.97,82.08
2023-08-18,101.31,70.23,143.50,146.07,59.05,58.16,100.97
2023-08-21,71.91,131.73,57.18,135.69,99.03,121.00,85.47
2023-08-22,65.85,56.81,110.31,103.03,131.88,53.85,90.79
2023-08-23,61.21,69.63,58.58,124.57,76.84,70.11,62.59
2023-08-24,123.32,124.38,72.70,101.64,57.70,73.66,149.68
2023-08-25,134.55,117.77,114.06,123.97,110.62,84.80,72.62
2023-08-28,138.50,65.90,121.46,83.09,109.78,124.74,108.73
2023-08-29,94.91,103.02,100.20,77.52,91.13,114.17,127.98
2023-08-30,115.32,120.68,75.92,126.71,75.87,79.44,118.22
2023-08-31,136.17,103.74,146.93,102.16,133.22,149.22,113.09
2023-09-01,117.04,136.87,122.26,134.04,55.39,85.97,82.18
2023-09-04,126.29,86.24,130.94,55.04,92.70,105.54,106.12
2023-09-05,127.63,110.12,137.39,109.93,112.45,139.66,147.84
2023-09-06,69.95,94.49,109.30,92.40,58.44,144.50,114.07
2023-09-07,131.67,126.12,132.90,143.66,77.24,75.60,103.45
2023-09-08,144.13,109.89,140.00,122.97,79.40,61.28,102.57
2023-09-11,73.79,84.62,139.14,52.74,101.99,64.49,69.82
2023-09-12,97.32,101.63,105.68,51.76,138.08,68.31,132.10
2023-09-13,141.33,60.98,129.73,97.40,147.69,116.21,149.51
2023-09-14,138.04,146.07,70.73,86.31,57.36,59.33,102.37
2023-09-15,90.58,61.55,90.49,83.38,143.35,91.02,117.81
2023-09-18,108.59,140.41,132.12,133.17,119.81,71.53,72.59
2023-09-19,136.68,112.05,143.23,81.75,145.84,129.87,76.63
2023-09-20,65.20,61.05,85.22,54.35,128.84,63.37,67.98
2023-09-21,121.62,55.07,109.59,87.77,87.64,118.17,140.41
2023-09-22,79.29,69.46,114.15,52.99,76.47,95.21,97.04
2023-09-25,75.93,141.39,99.87,58.31,70.65,72.16,99.12
2023-09-26,58.13,51.36,92.99,55.64,138.04,114.50,142.65
2023-09-27,109.99,115.45,104.98,88.46,134.13,113.87,139.40
2023-09-28,147.72,54.43,69.23,66.96,114.31,56.15,127.03
2023-09-29,137.20,85.59,79.26,113.78,103.57,108.31,63.73
2023-10-02,56.27,92.93,133.09,124.99,64.28,118.71,97.00
2023-10-03,92.88,66.75,76.62,63.16,119.14,147.62,103.66
2023-10-04,128.66,121.82,135.51,57.78,107.55,62.45,145.23
2023-10-05,127.52,143.91,137.27,106.52,55.15,134.67,77.13
2023-10-06,112.06,108.19,137.15,130.36,145.97,145.78,78.37
2023-10-09,127.96,119.14,136.55,85.29,76.36,145.91,97.84
2023-10-10,81.26,133.39,54.15,98.28,90.72,64.92,98.94
2023-10-11,75.76,144.27,66.63,113.41,109.87,54.24,134.14
2023-10-12,130.97,87.23,120.70,78.80,123.94,123.53,60.30
2023-10-13,76.24,112.07,91.86,59.75,58.74,90.29,82.61
2023-10-16,96.48,122.92,64.42,104.39,131.30,147.12,106.91
2023-10-17,93.45,96.26,114.97,88.46,89.82,91.20,122.84
2023-10-18,132.26,104.55,89.99,79.20,76.16,91.72,87.04
2023-10-19,109.25,131.09,57.28,98.83,112.53,107.28,140.55
2023-10-20,94.33,84.55,121.82,92.53,59.37,86.84,141.77
2023-10-23,57.36,57.79,69.64,82.33,96.77,126.98,146.37
2023-10-24,72.81,84.41,62.03,137.51,92.25,125.80,98.59
2023-10-25,75.45,149.38,67.48,110.57,116.60,94.60,94.99
2023-10-26,103.43,84.08,58.01,105.17,60.41,141.83,139.33
2023-10-27,93.20,95.80,122.20,105.42,92.31,134.26,147.84
2023-10-30,71.25,57.57,50.34,54.35,99.96,136.46,81.45
2023-10-31,74.97,89.09,139.24,120.69,74.34,126.34,64.85
2023-11-01,109.31,114.49,56.44,64.40,81.11,138.96,86.99
2023-11-02,113.98,67.95,88.53,101.09,53.92,92.89,122.71
2023-11-03,73.45,148.47,146.21,97.79,61.46,55.70,105.70
2023-11-06,116.79,110.38,149.57,56.80,52.25,78.59,108.22
2023-11-07,107.84,101.35,99.58,90.64,70.00,88.64,123.78
2023-11-08,111.87,123.17,132.69,122.78,64.33,148.45,113.93
2023-11-09,84.35,53.53,106.55,96.94,72.43,142.52,78.07
2023-11-10,62.88,91.02,61.73,125.04,116.27,90.03,112.14
2023-11-13,61.98,106.85,139.66,89.77,134.89,58.73,71.19
2023-11-14,141.31,103.47,102.77,82.43,91.60,122.08,106.57
2023-11-15,122.89,147.59,96.10,93.51,147.74,125.41,118.43
2023-11-16,71.42,105.06,105.33,50.46,89.48,55.90,147.06
2023-11-17,106.23,106.12,138.64,115.37,89.81,141.41,58.37
2023-11-20,85.51,125.40,77.45,110.72,131.65,70.63,129.32
2023-11-21,88.76,148.06,71.13,97.11,66.00,148.72,62.40
2023-11-22,123.81,128.96,142.60,128.37,71.94,145.30,83.15
2023-11-23,130.58,50.19,126.76,62.31,50.76,76.25,128.40
2023-11-24,100.90,65.07,116.47,85.92,76.69,138.32,109.92
2023-11-27,96.23,115.89,141.36,131.35,81.95,105.57,99.76
2023-11-28,51.18,86.73,52.03,96.83,116.27,64.76,91.71
2023-11-29,73.66,132.10,71.23,106.56,96.91,50.28,69.27
2023-11-30,99.39,100.97,111.83,123.10,144.64,135.64,122.38
2023-12-01,69.05,102.37,120.21,143.72,74.28,100.02,132.24
2023-12-04,106.37,132.84,101.71,123.70,147.06,112.86,85.38
2023-12-05,149.17,108.17,143.25,139.77,141.68,128.78,141.01
2023-12-06,136.66,78.66,73.49,54.49,145.21,57.62,72.51
2023-12-07,122.43,125.32,149.87,96.84,104.59,121.19,104.90
2023-12-08,148.43,63.45,99.22,51.30,65.43,123.84,96.78
2023-12-11,146.57,65.08,87.94,126.42,71.34,60.08,109.32
2023-12-12,137.89,84.90,89.95,88.14,68.60,117.55,139.04
